<?xml version="1.0" encoding="utf-8" standalone="yes" ?>
<rss version="2.0" xmlns:atom="http://www.w3.org/2005/Atom">
  <channel>
    <title>Tags on Fractalwrench</title>
    <link>https://fractalwrench.co.uk/tags/</link>
    <description>Recent content in Tags on Fractalwrench</description>
    <generator>Hugo -- gohugo.io</generator>
    <language>en-uk</language>
    <managingEditor>fractalwrench@gmail.com (Jamie Lynch)</managingEditor>
    <webMaster>fractalwrench@gmail.com (Jamie Lynch)</webMaster>
    
	<atom:link href="https://fractalwrench.co.uk/tags/index.xml" rel="self" type="application/rss+xml" />
    
    
  </channel>
</rss>